{
  "mesh_idx": 1,
  "n_tokens": 910,
  "n_patches": 130,
  "n_points": 3900,
  "unique_tokens": 360,
  "vocab_coverage": 0.1939655172413793,
  "position_range": {
    "x": [
      0.0,
      1.2392157316207886
    ],
    "y": [
      0.0,
      1.0
    ],
    "z": [
      0.0,
      1.0
    ]
  },
  "scale_stats": {
    "mean": 0.12077899877899877,
    "std": 0.21510667452620785,
    "min": 0.01,
    "max": 1.0
  },
  "generation_time_sec": 2.3211045265197754
}