{
  "mesh_idx": 4,
  "n_tokens": 910,
  "n_patches": 130,
  "n_points": 3900,
  "unique_tokens": 289,
  "vocab_coverage": 0.1557112068965517,
  "position_range": {
    "x": [
      0.0,
      4.733333110809326
    ],
    "y": [
      0.0,
      1.9647058248519897
    ],
    "z": [
      0.0,
      1.003921627998352
    ]
  },
  "scale_stats": {
    "mean": 0.1553064713064713,
    "std": 0.8099082938456501,
    "min": 0.01,
    "max": 9.158730158730158
  },
  "generation_time_sec": 2.0771565437316895
}