{
  "mesh_idx": 3,
  "n_tokens": 910,
  "n_patches": 130,
  "n_points": 3900,
  "unique_tokens": 268,
  "vocab_coverage": 0.14439655172413793,
  "position_range": {
    "x": [
      0.0,
      2.917647123336792
    ],
    "y": [
      0.0,
      1.9607843160629272
    ],
    "z": [
      0.0,
      1.070588231086731
    ]
  },
  "scale_stats": {
    "mean": 0.25447496947496945,
    "std": 0.17666696845683094,
    "min": 0.01,
    "max": 1.1587301587301588
  },
  "generation_time_sec": 2.120234727859497
}