{
  "mesh_idx": 9,
  "n_tokens": 910,
  "n_patches": 130,
  "n_points": 3900,
  "unique_tokens": 307,
  "vocab_coverage": 0.1654094827586207,
  "position_range": {
    "x": [
      0.0,
      5.6901960372924805
    ],
    "y": [
      0.0,
      1.0
    ],
    "z": [
      0.0,
      1.0
    ]
  },
  "scale_stats": {
    "mean": 0.108008547008547,
    "std": 0.20883115716124756,
    "min": 0.01,
    "max": 1.0
  },
  "generation_time_sec": 2.2075436115264893
}