{
  "mesh_idx": 5,
  "n_tokens": 910,
  "n_patches": 130,
  "n_points": 3900,
  "unique_tokens": 252,
  "vocab_coverage": 0.13577586206896552,
  "position_range": {
    "x": [
      0.0,
      6.439215660095215
    ],
    "y": [
      0.1921568661928177,
      5.435294151306152
    ],
    "z": [
      0.0,
      4.1019606590271
    ]
  },
  "scale_stats": {
    "mean": 0.04002686202686203,
    "std": 0.18079050139613587,
    "min": 0.01,
    "max": 1.5555555555555556
  },
  "generation_time_sec": 2.106654405593872
}