{
  "mesh_idx": 6,
  "n_tokens": 910,
  "n_patches": 130,
  "n_points": 3900,
  "unique_tokens": 335,
  "vocab_coverage": 0.1804956896551724,
  "position_range": {
    "x": [
      0.0,
      3.4823529720306396
    ],
    "y": [
      0.0,
      2.3686275482177734
    ],
    "z": [
      0.0,
      1.0
    ]
  },
  "scale_stats": {
    "mean": 0.1077008547008547,
    "std": 0.18027390017389147,
    "min": 0.01,
    "max": 1.0
  },
  "generation_time_sec": 2.09989070892334
}