{
  "n_meshes": 5,
  "mesh_ids": [
    "001cfadfb9204424bccc45501ce6b90e",
    "002b5dcd1a7844b19c7ffa63a9b23c68",
    "0045e87262664927a3298f2ed0f640c1",
    "006387f76f684e1dab80d0a4bb705809",
    "0079418517784f2bbf0aec6fd8de3cde"
  ],
  "cd_buggy": [
    0.01978938245780589,
    0.02474402814728421,
    0.022935128290105515,
    0.0014689831166106557,
    0.006090264240751454
  ],
  "cd_fixed": [
    0.0026696501049608954,
    0.005475369454335509,
    0.0027784228248596485,
    0.00015867880971102944,
    0.0004958861593841322
  ],
  "improvements_pct": [
    86.50968462177627,
    77.87195592510486,
    87.88573235904552,
    89.1980508205469,
    91.85772341262246
  ],
  "avg_cd_buggy": 0.015005557250511545,
  "avg_cd_fixed": 0.0023156014706502428,
  "avg_improvement_pct": 84.56837402308865
}