{
  "mesh_idx": 1,
  "n_tokens": 910,
  "n_patches": 130,
  "n_points": 3900,
  "unique_tokens": 251,
  "vocab_coverage": 0.13523706896551724,
  "position_range": {
    "x": [
      0.0,
      7.196078300476074
    ],
    "y": [
      0.0,
      2.329411745071411
    ],
    "z": [
      0.0,
      2.149019718170166
    ]
  },
  "scale_stats": {
    "mean": 0.04661538461538462,
    "std": 0.16686058631381484,
    "min": 0.01,
    "max": 1.0
  },
  "generation_time_sec": 2.0790727138519287
}