{
  "mesh_idx": 9,
  "n_tokens": 910,
  "n_patches": 130,
  "n_points": 3900,
  "unique_tokens": 409,
  "vocab_coverage": 0.22036637931034483,
  "position_range": {
    "x": [
      0.0,
      4.5333333015441895
    ],
    "y": [
      0.0,
      1.0
    ],
    "z": [
      0.054901961237192154,
      0.9725490212440491
    ]
  },
  "scale_stats": {
    "mean": 0.3029487179487179,
    "std": 0.17499859860104602,
    "min": 0.01,
    "max": 0.746031746031746
  },
  "generation_time_sec": 2.077078342437744
}