{
  "mesh_idx": 3,
  "n_tokens": 910,
  "n_patches": 130,
  "n_points": 3900,
  "unique_tokens": 133,
  "vocab_coverage": 0.07165948275862069,
  "position_range": {
    "x": [
      0.0,
      6.5333333015441895
    ],
    "y": [
      0.5490196347236633,
      5.529411792755127
    ],
    "z": [
      0.0,
      5.039215564727783
    ]
  },
  "scale_stats": {
    "mean": 0.2481794871794872,
    "std": 0.46797707431166713,
    "min": 0.01,
    "max": 3.873015873015873
  },
  "generation_time_sec": 2.0964620113372803
}