{
  "mesh_idx": 0,
  "n_tokens": 910,
  "n_patches": 130,
  "n_points": 3900,
  "unique_tokens": 282,
  "vocab_coverage": 0.15193965517241378,
  "position_range": {
    "x": [
      0.0,
      5.054902076721191
    ],
    "y": [
      0.0,
      2.3686275482177734
    ],
    "z": [
      0.0,
      5.074509620666504
    ]
  },
  "scale_stats": {
    "mean": 0.05936385836385835,
    "std": 0.33939353155339885,
    "min": 0.01,
    "max": 3.5873015873015874
  },
  "generation_time_sec": 2.0779054164886475
}