{
  "mesh_idx": 2,
  "n_tokens": 910,
  "n_patches": 130,
  "n_points": 3900,
  "unique_tokens": 353,
  "vocab_coverage": 0.19019396551724138,
  "position_range": {
    "x": [
      0.0,
      5.811764717102051
    ],
    "y": [
      0.0,
      1.9529411792755127
    ],
    "z": [
      0.0,
      1.0
    ]
  },
  "scale_stats": {
    "mean": 0.21398778998778997,
    "std": 0.31314248295439673,
    "min": 0.01,
    "max": 1.0
  },
  "generation_time_sec": 2.3572936058044434
}