{
  "mesh_idx": 2,
  "n_tokens": 910,
  "n_patches": 130,
  "n_points": 3900,
  "unique_tokens": 207,
  "vocab_coverage": 0.11153017241379311,
  "position_range": {
    "x": [
      0.0,
      5.67058801651001
    ],
    "y": [
      0.0,
      1.9647058248519897
    ],
    "z": [
      0.0,
      1.003921627998352
    ]
  },
  "scale_stats": {
    "mean": 0.15562393162393162,
    "std": 0.8831362281286861,
    "min": 0.01,
    "max": 9.88888888888889
  },
  "generation_time_sec": 2.2501168251037598
}