{
  "same_category": {
    "mean_cd": 217.00579434070946,
    "std_cd": 20.851169861097667,
    "utilization": 0.678466796875,
    "n_unique_codes": 2779,
    "total_codes": 4096
  },
  "cross_category": {
    "mean_cd": 232.3210458545124,
    "std_cd": 23.237727794092173,
    "utilization": 0.482421875,
    "n_unique_codes": 1976,
    "total_codes": 4096
  },
  "go_nogo": {
    "ratio": 1.0705753114119951,
    "decision": "STRONG GO",
    "next_step": "Proceed to full MeshLex experiment design",
    "same_cat_cd": 217.00579434070946,
    "cross_cat_cd": 232.3210458545124,
    "utilization": 0.678466796875
  }
}