{
  "mesh_idx": 7,
  "n_tokens": 910,
  "n_patches": 130,
  "n_points": 3900,
  "unique_tokens": 382,
  "vocab_coverage": 0.20581896551724138,
  "position_range": {
    "x": [
      0.0,
      5.380392074584961
    ],
    "y": [
      0.0,
      1.0
    ],
    "z": [
      0.0,
      1.0
    ]
  },
  "scale_stats": {
    "mean": 0.09026495726495726,
    "std": 0.15274750554114527,
    "min": 0.01,
    "max": 1.0
  },
  "generation_time_sec": 2.589664936065674
}