{
  "mesh_idx": 3,
  "n_tokens": 910,
  "n_patches": 130,
  "n_points": 3900,
  "unique_tokens": 345,
  "vocab_coverage": 0.18588362068965517,
  "position_range": {
    "x": [
      0.0,
      6.584313869476318
    ],
    "y": [
      0.0,
      4.933333396911621
    ],
    "z": [
      0.0,
      1.0
    ]
  },
  "scale_stats": {
    "mean": 0.10121611721611723,
    "std": 0.17071685405922277,
    "min": 0.01,
    "max": 1.0
  },
  "generation_time_sec": 2.3610405921936035
}