{
  "mesh_idx": 6,
  "n_tokens": 910,
  "n_patches": 130,
  "n_points": 3900,
  "unique_tokens": 218,
  "vocab_coverage": 0.11745689655172414,
  "position_range": {
    "x": [
      0.0,
      1.6039215326309204
    ],
    "y": [
      0.0,
      1.0
    ],
    "z": [
      0.0,
      1.0
    ]
  },
  "scale_stats": {
    "mean": 0.04833821733821734,
    "std": 0.11366567863940648,
    "min": 0.01,
    "max": 1.0
  },
  "generation_time_sec": 2.548523426055908
}