{
  "mesh_idx": 4,
  "n_tokens": 910,
  "n_patches": 130,
  "n_points": 3900,
  "unique_tokens": 410,
  "vocab_coverage": 0.2209051724137931,
  "position_range": {
    "x": [
      0.0,
      4.239215850830078
    ],
    "y": [
      0.0,
      1.0
    ],
    "z": [
      -0.0117647061124444,
      1.0
    ]
  },
  "scale_stats": {
    "mean": 0.1290793650793651,
    "std": 0.22190311852535943,
    "min": 0.01,
    "max": 1.0
  },
  "generation_time_sec": 2.1085798740386963
}