{
  "mesh_idx": 9,
  "n_tokens": 910,
  "n_patches": 130,
  "n_points": 3900,
  "unique_tokens": 268,
  "vocab_coverage": 0.14439655172413793,
  "position_range": {
    "x": [
      0.0,
      6.666666507720947
    ],
    "y": [
      -0.10196078568696976,
      4.937254905700684
    ],
    "z": [
      -0.007843137718737125,
      3.7568626403808594
    ]
  },
  "scale_stats": {
    "mean": 0.23995848595848596,
    "std": 0.9847266699712791,
    "min": 0.01,
    "max": 7.73015873015873
  },
  "generation_time_sec": 2.1126768589019775
}