{
  "mesh_idx": 7,
  "n_tokens": 910,
  "n_patches": 130,
  "n_points": 3900,
  "unique_tokens": 417,
  "vocab_coverage": 0.22467672413793102,
  "position_range": {
    "x": [
      0.1921568661928177,
      7.196078300476074
    ],
    "y": [
      -0.7960784435272217,
      4.423529624938965
    ],
    "z": [
      -0.2823529541492462,
      3.9058823585510254
    ]
  },
  "scale_stats": {
    "mean": 0.47094627594627597,
    "std": 1.640707010502843,
    "min": 0.01,
    "max": 9.523809523809524
  },
  "generation_time_sec": 2.368518114089966
}