{
  "mesh_idx": 7,
  "n_tokens": 910,
  "n_patches": 130,
  "n_points": 3900,
  "unique_tokens": 361,
  "vocab_coverage": 0.1945043103448276,
  "position_range": {
    "x": [
      0.0,
      1.929411768913269
    ],
    "y": [
      0.0,
      1.9764705896377563
    ],
    "z": [
      0.0,
      1.0
    ]
  },
  "scale_stats": {
    "mean": 0.14017216117216116,
    "std": 0.1759291234281247,
    "min": 0.01,
    "max": 1.0
  },
  "generation_time_sec": 2.0979275703430176
}