{
  "mesh_idx": 2,
  "n_tokens": 910,
  "n_patches": 130,
  "n_points": 3900,
  "unique_tokens": 325,
  "vocab_coverage": 0.17510775862068967,
  "position_range": {
    "x": [
      0.0,
      5.235294342041016
    ],
    "y": [
      0.0,
      2.007843255996704
    ],
    "z": [
      0.0,
      1.8901960849761963
    ]
  },
  "scale_stats": {
    "mean": 0.09538217338217339,
    "std": 0.3436593594153092,
    "min": 0.01,
    "max": 3.5873015873015874
  },
  "generation_time_sec": 2.0857577323913574
}