{
  "mesh_idx": 5,
  "n_tokens": 910,
  "n_patches": 130,
  "n_points": 3900,
  "unique_tokens": 419,
  "vocab_coverage": 0.2257543103448276,
  "position_range": {
    "x": [
      0.0,
      2.5176470279693604
    ],
    "y": [
      0.0,
      1.0
    ],
    "z": [
      0.0,
      1.0
    ]
  },
  "scale_stats": {
    "mean": 0.29031379731379736,
    "std": 0.18016739794587694,
    "min": 0.01,
    "max": 1.0
  },
  "generation_time_sec": 2.10235857963562
}