{
  "mesh_idx": 3,
  "n_tokens": 910,
  "n_patches": 130,
  "n_points": 3900,
  "unique_tokens": 393,
  "vocab_coverage": 0.2117456896551724,
  "position_range": {
    "x": [
      0.0,
      4.188235282897949
    ],
    "y": [
      0.0,
      1.0
    ],
    "z": [
      0.0,
      1.0
    ]
  },
  "scale_stats": {
    "mean": 0.2302087912087912,
    "std": 0.16715949583015263,
    "min": 0.01,
    "max": 1.0
  },
  "generation_time_sec": 2.0773723125457764
}