{
  "mesh_idx": 2,
  "n_tokens": 910,
  "n_patches": 130,
  "n_points": 3900,
  "unique_tokens": 193,
  "vocab_coverage": 0.10398706896551724,
  "position_range": {
    "x": [
      0.0,
      5.407843112945557
    ],
    "y": [
      0.0,
      3.0352940559387207
    ],
    "z": [
      0.0,
      2.031372547149658
    ]
  },
  "scale_stats": {
    "mean": 0.12504029304029304,
    "std": 0.7610722593786938,
    "min": 0.01,
    "max": 7.619047619047619
  },
  "generation_time_sec": 2.1469178199768066
}