{
  "mesh_idx": 8,
  "n_tokens": 910,
  "n_patches": 130,
  "n_points": 3900,
  "unique_tokens": 285,
  "vocab_coverage": 0.15355603448275862,
  "position_range": {
    "x": [
      0.0,
      3.6588234901428223
    ],
    "y": [
      0.0,
      1.0
    ],
    "z": [
      0.0,
      1.0
    ]
  },
  "scale_stats": {
    "mean": 0.09767521367521367,
    "std": 0.17771633647579588,
    "min": 0.01,
    "max": 1.0
  },
  "generation_time_sec": 2.1444590091705322
}