{
  "mesh_idx": 4,
  "n_tokens": 910,
  "n_patches": 130,
  "n_points": 3900,
  "unique_tokens": 236,
  "vocab_coverage": 0.1271551724137931,
  "position_range": {
    "x": [
      0.0,
      2.0039215087890625
    ],
    "y": [
      0.0,
      1.9921568632125854
    ],
    "z": [
      0.0,
      1.215686321258545
    ]
  },
  "scale_stats": {
    "mean": 0.18643223443223444,
    "std": 1.3284269329748746,
    "min": 0.01,
    "max": 15.142857142857142
  },
  "generation_time_sec": 2.0764307975769043
}