{
  "mesh_idx": 0,
  "n_tokens": 910,
  "n_patches": 130,
  "n_points": 3900,
  "unique_tokens": 318,
  "vocab_coverage": 0.1713362068965517,
  "position_range": {
    "x": [
      0.0,
      6.337255001068115
    ],
    "y": [
      0.0,
      2.329411745071411
    ],
    "z": [
      0.0,
      1.0
    ]
  },
  "scale_stats": {
    "mean": 0.18449084249084247,
    "std": 0.22718278612942366,
    "min": 0.01,
    "max": 1.0
  },
  "generation_time_sec": 2.2721056938171387
}