{
  "mesh_idx": 1,
  "n_tokens": 910,
  "n_patches": 130,
  "n_points": 3900,
  "unique_tokens": 290,
  "vocab_coverage": 0.15625,
  "position_range": {
    "x": [
      0.0,
      2.0
    ],
    "y": [
      0.0,
      1.9764705896377563
    ],
    "z": [
      0.0,
      1.090196132659912
    ]
  },
  "scale_stats": {
    "mean": 0.5052234432234433,
    "std": 1.710215776216414,
    "min": 0.01,
    "max": 16.952380952380953
  },
  "generation_time_sec": 2.0895297527313232
}