{
  "mesh_idx": 5,
  "n_tokens": 910,
  "n_patches": 130,
  "n_points": 3900,
  "unique_tokens": 259,
  "vocab_coverage": 0.13954741379310345,
  "position_range": {
    "x": [
      0.0,
      2.4352941513061523
    ],
    "y": [
      0.0,
      1.996078372001648
    ],
    "z": [
      0.0,
      1.003921627998352
    ]
  },
  "scale_stats": {
    "mean": 0.15789377289377288,
    "std": 0.5437063838991876,
    "min": 0.01,
    "max": 5.603174603174603
  },
  "generation_time_sec": 2.089691638946533
}