{
  "mesh_idx": 8,
  "n_tokens": 910,
  "n_patches": 130,
  "n_points": 3900,
  "unique_tokens": 288,
  "vocab_coverage": 0.15517241379310345,
  "position_range": {
    "x": [
      0.0,
      3.992156744003296
    ],
    "y": [
      0.0,
      1.0
    ],
    "z": [
      0.0,
      1.0
    ]
  },
  "scale_stats": {
    "mean": 0.18901587301587303,
    "std": 1.2737324423556866,
    "min": 0.01,
    "max": 14.507936507936508
  },
  "generation_time_sec": 2.2068674564361572
}