{
  "token_analysis": {
    "T=0.7": {
      "n_sequences": 10,
      "n_patches_total": 1300,
      "unique_tokens": 1403,
      "pos_x_range": [
        0,
        1700
      ],
      "pos_y_range": [
        -26,
        1410
      ],
      "pos_z_range": [
        -3,
        1285
      ],
      "scale_range": [
        -15,
        1068
      ],
      "cb_l1_unique": 336,
      "cb_l2_unique": 428,
      "cb_l3_unique": 489,
      "cb_l1_utilization": 0.328125,
      "cb_l2_utilization": 0.41796875,
      "cb_l3_utilization": 0.4775390625
    },
    "T=0.8": {
      "n_sequences": 10,
      "n_patches_total": 1300,
      "unique_tokens": 1376,
      "pos_x_range": [
        0,
        1835
      ],
      "pos_y_range": [
        -203,
        1128
      ],
      "pos_z_range": [
        -72,
        1228
      ],
      "scale_range": [
        -444,
        1064
      ],
      "cb_l1_unique": 317,
      "cb_l2_unique": 361,
      "cb_l3_unique": 430,
      "cb_l1_utilization": 0.3095703125,
      "cb_l2_utilization": 0.3525390625,
      "cb_l3_utilization": 0.419921875
    },
    "T=0.9": {
      "n_sequences": 10,
      "n_patches_total": 1300,
      "unique_tokens": 1286,
      "pos_x_range": [
        0,
        1835
      ],
      "pos_y_range": [
        0,
        604
      ],
      "pos_z_range": [
        0,
        1294
      ],
      "scale_range": [
        -32,
        954
      ],
      "cb_l1_unique": 297,
      "cb_l2_unique": 463,
      "cb_l3_unique": 510,
      "cb_l1_utilization": 0.2900390625,
      "cb_l2_utilization": 0.4521484375,
      "cb_l3_utilization": 0.498046875
    },
    "T=1.0": {
      "n_sequences": 10,
      "n_patches_total": 1300,
      "unique_tokens": 1469,
      "pos_x_range": [
        0,
        1679
      ],
      "pos_y_range": [
        0,
        1258
      ],
      "pos_z_range": [
        0,
        966
      ],
      "scale_range": [
        0,
        977
      ],
      "cb_l1_unique": 415,
      "cb_l2_unique": 445,
      "cb_l3_unique": 514,
      "cb_l1_utilization": 0.4052734375,
      "cb_l2_utilization": 0.4345703125,
      "cb_l3_utilization": 0.501953125
    }
  },
  "per_temperature": {
    "0.7": {
      "n_meshes": 10,
      "mean_pairwise_cd": 0.44886466393872737,
      "spatial_spreads": [
        5.967997024865044,
        30.866123690482993,
        15.276407853348548,
        13.3468279450978,
        5.179479472088358,
        10.873409334617227,
        4.794257669335374,
        4.79751956323449,
        5.174459947390409,
        17.919370974068595
      ],
      "point_densities": [
        608.8989563898707,
        18.137411844421376,
        24.890146569719384,
        10.65785416503145,
        530.1304036250067,
        20.224270846033527,
        373.88738309458756,
        726.6632427943981,
        700.5422594950929,
        7.972724838262748
      ],
      "mean_spatial_spread": 11.419585347452884,
      "std_spatial_spread": 7.966867444348778,
      "mean_point_density": 302.20046536624244
    },
    "0.8": {
      "n_meshes": 10,
      "mean_pairwise_cd": 1.0785769943498027,
      "spatial_spreads": [
        1.574150628119844,
        7.166846413677792,
        15.508944717095634,
        5.541083721363192,
        18.1835247298169,
        28.117613739525037,
        2.508531897016107,
        24.28908073332357,
        5.079158147258948,
        5.802251019769626
      ],
      "point_densities": [
        8469612.91325109,
        517.3840529760679,
        31.125399828489265,
        479.738453091777,
        36.549089609699735,
        1.4153313969512151,
        1643.6059693276404,
        5.089482425692187,
        571.3012153733283,
        597.3930096251277
      ],
      "mean_spatial_spread": 11.377118574696663,
      "std_spatial_spread": 8.986886311007803,
      "mean_point_density": 847349.6515254745
    },
    "0.9": {
      "n_meshes": 10,
      "mean_pairwise_cd": 0.2475136257752431,
      "spatial_spreads": [
        9.595202899819395,
        8.218036170084513,
        6.913664724264518,
        5.060397896441044,
        27.523209663246035,
        11.23440017453806,
        7.047184426872852,
        3.3690433294850144,
        27.387872511825844,
        6.5499119395674015
      ],
      "point_densities": [
        33.738738462987214,
        89.35070994172435,
        137.20390976618492,
        283.7074563107859,
        2.1117120979596815,
        116.16211050327107,
        317.9724122162444,
        679.8754817737521,
        2.7748032877628894,
        403.3661179071866
      ],
      "mean_spatial_spread": 11.289892373614467,
      "std_spatial_spread": 8.343516715297357,
      "mean_point_density": 206.6263452267859
    },
    "1.0": {
      "n_meshes": 10,
      "mean_pairwise_cd": 0.2625760173506179,
      "spatial_spreads": [
        7.598110646645148,
        2.91187711120107,
        7.090907116699148,
        9.103313870337766,
        3.0202375033663262,
        3.5304902889627106,
        4.754103180200245,
        6.252279886981242,
        2.56178217314027,
        24.923966888848785
      ],
      "point_densities": [
        202.87237583267128,
        1228.6915740376542,
        270.5471406908764,
        97.64279540351298,
        1101.6886839215022,
        915.2812740654925,
        720.3795097581941,
        552.6637228913482,
        1677.3466647682917,
        7.546357338799634
      ],
      "mean_spatial_spread": 7.174706866638272,
      "std_spatial_spread": 6.290015620938192,
      "mean_point_density": 677.4660098708343
    }
  }
}