{
  "mesh_idx": 9,
  "n_tokens": 910,
  "n_patches": 130,
  "n_points": 3900,
  "unique_tokens": 308,
  "vocab_coverage": 0.16594827586206898,
  "position_range": {
    "x": [
      0.0,
      6.149019718170166
    ],
    "y": [
      0.0,
      4.79215669631958
    ],
    "z": [
      0.0,
      3.7882351875305176
    ]
  },
  "scale_stats": {
    "mean": 0.32459829059829054,
    "std": 1.3536005300675351,
    "min": 0.01,
    "max": 15.507936507936508
  },
  "generation_time_sec": 2.4810631275177
}