{
  "mesh_idx": 5,
  "n_tokens": 910,
  "n_patches": 130,
  "n_points": 3900,
  "unique_tokens": 404,
  "vocab_coverage": 0.21767241379310345,
  "position_range": {
    "x": [
      0.01568627543747425,
      5.980391979217529
    ],
    "y": [
      0.007843137718737125,
      3.007843255996704
    ],
    "z": [
      0.0,
      4.815686225891113
    ]
  },
  "scale_stats": {
    "mean": 0.22200976800976802,
    "std": 1.4690813696869958,
    "min": 0.01,
    "max": 16.88888888888889
  },
  "generation_time_sec": 2.226172924041748
}