{
  "mesh_idx": 7,
  "n_tokens": 910,
  "n_patches": 130,
  "n_points": 3900,
  "unique_tokens": 367,
  "vocab_coverage": 0.19773706896551724,
  "position_range": {
    "x": [
      0.0,
      3.8705883026123047
    ],
    "y": [
      0.0,
      1.0
    ],
    "z": [
      0.0,
      1.0
    ]
  },
  "scale_stats": {
    "mean": 0.10075702075702075,
    "std": 0.12858997068313294,
    "min": 0.01,
    "max": 1.0
  },
  "generation_time_sec": 2.126535415649414
}