{
  "mesh_idx": 0,
  "n_tokens": 910,
  "n_patches": 130,
  "n_points": 3900,
  "unique_tokens": 3,
  "vocab_coverage": 0.0016163793103448276,
  "position_range": {
    "x": [
      1.9490195512771606,
      3.5098040103912354
    ],
    "y": [
      0.9450980424880981,
      0.9450980424880981
    ],
    "z": [
      -0.09019608050584793,
      -0.05882352963089943
    ]
  },
  "scale_stats": {
    "mean": 0.01,
    "std": 0.0,
    "min": 0.01,
    "max": 0.01
  },
  "generation_time_sec": 2.1261675357818604
}