{
  "mesh_idx": 4,
  "n_tokens": 910,
  "n_patches": 130,
  "n_points": 3900,
  "unique_tokens": 429,
  "vocab_coverage": 0.23114224137931033,
  "position_range": {
    "x": [
      0.0,
      2.0117647647857666
    ],
    "y": [
      0.0,
      1.0
    ],
    "z": [
      0.0,
      1.0
    ]
  },
  "scale_stats": {
    "mean": 0.1764041514041514,
    "std": 0.25227898563847556,
    "min": 0.01,
    "max": 1.0
  },
  "generation_time_sec": 2.1015381813049316
}